key,last_seen_at,system,status
PROD-JLV-053,2025-09-13T12:01:52.847471,C,active
TXN-2023-022,2025-09-09T12:01:52.847478,C,active
TXN-2023-070,2025-09-13T20:01:52.847483,C,active
CUST-00016,2025-09-09T08:01:52.847488,C,active
CUST-00048,2025-08-27T02:01:52.847493,C,active
PROD-RFI-069,2025-09-02T19:01:52.847501,C,active
ORD-694731,2025-09-13T06:01:52.847506,C,active
CUST-00024,2025-08-28T04:01:52.847511,C,active
ORD-246413,2025-09-16T01:01:52.847516,C,active
CUST-00028,2025-08-31T03:01:52.847521,C,active
TXN-2023-074,2025-09-08T23:01:52.847526,C,active
TXN-2023-054,2025-09-12T12:01:52.847531,C,active
PROD-GOG-089,2025-09-03T21:01:52.847536,C,active
TXN-2023-014,2025-08-28T10:01:52.847540,C,active
PROD-NZJ-037,2025-09-09T03:01:52.847545,C,active
KEY  000000,2025-09-03T16:01:52.847550,C,active
ORD-430776,2025-08-26T00:01:52.847558,C,active
CUST-00004,2025-09-14T05:01:52.847563,C,active
ORD-267414,2025-09-05T19:01:52.847567,C,active
ORD-771088,2025-08-17T05:01:52.847572,C,active
TXN-2023-046,2025-08-30T05:01:52.847577,C,active
CUST-00000,2025-08-22T05:01:52.847582,C,active
TXN-2023-034,2025-08-30T21:01:52.847587,C,active
PROD-HQX-041,2025-09-04T06:01:52.847592,C,active
TXN-2023-002,2025-09-15T01:01:52.847597,C,active
CUST-00080,2025-09-04T10:01:52.847601,C,active
PROD-UFA-073,2025-09-07T22:01:52.847606,C,active
CUST-00012,2025-09-16T10:01:52.847611,C,active
TXN-2023-058,2025-08-22T19:01:52.847616,C,active
 ORD-905635 ,2025-09-05T14:01:52.847621,C,active
CUST-00076,2025-08-24T00:01:52.847625,C,active
PROD-ICC-029,2025-08-27T18:01:52.847630,C,active
PROD-QAH-001,2025-08-23T03:01:52.847635,C,active
key-000000,2025-08-24T11:01:52.847640,C,active
 CUST-00044 ,2025-09-12T20:01:52.847644,C,active
ORD-850800,2025-09-05T04:01:52.847649,C,active
ORD-338968,2025-09-06T01:01:52.847654,C,active
TXN-2023-030,2025-09-11T00:01:52.847658,C,active
key-000000,2025-09-01T23:01:52.847663,C,active
ORD-581741,2025-09-01T01:01:52.847668,C,active
ORD-988662,2025-09-11T17:01:52.847673,C,active
CUST-00020,2025-09-13T23:01:52.847678,C,active
key-000000,2025-08-23T07:01:52.847682,C,active
TXN-2023-082,2025-09-15T12:01:52.847687,C,active
PROD-HWT-021,2025-09-10T20:01:52.847692,C,active
KEY_000000,2025-08-22T15:01:52.847696,C,active
CUST-00036,2025-08-19T20:01:52.847701,C,active
key-000000,2025-09-06T12:01:52.847706,C,active
TXN-2023-006,2025-08-31T09:01:52.847710,C,active
ORD-678856,2025-08-21T04:01:52.847718,C,active
TXN-2023-026,2025-09-01T13:01:52.847754,C,active
TXN-2023-078,2025-09-15T01:01:52.847765,C,active
PROD-PSB-045,2025-09-10T12:01:52.847771,C,active
KEY  000000,2025-09-05T20:01:52.847776,C,active
ORD-717889,2025-08-20T01:01:52.847781,C,active
ORD-816751,2025-09-06T13:01:52.847786,C,active
key-000000,2025-09-13T10:01:52.847794,C,active
 TXN-2023-042 ,2025-09-03T09:01:52.847799,C,active
ORD-270555,2025-08-24T07:01:52.847803,C,active
PROD-GPO-013,2025-08-19T09:01:52.847808,C,active
CUST-00088,2025-09-06T16:01:52.847813,C,active
ORD-329258,2025-08-31T23:01:52.847818,C,active
PROD-GMH-065,2025-09-01T10:01:52.847823,C,active
PROD-JFG-057,2025-08-18T05:01:52.847851,C,active
KEY_000000,2025-09-08T19:01:52.847863,C,active
CUST-00052,2025-08-24T08:01:52.847873,C,active
TXN-2023-086,2025-09-14T08:01:52.847879,C,active
ORD-864544,2025-08-28T16:01:52.847884,C,active
ORD-514850,2025-08-30T12:01:52.847889,C,active
ORD-205907,2025-09-06T18:01:52.847894,C,active
ORD-900581,2025-09-14T11:01:52.847898,C,active
CUST-00064,2025-08-26T12:01:52.847903,C,active
ORD-479201,2025-09-07T07:01:52.847908,C,active
key-000000,2025-08-27T23:01:52.847912,C,active
CUST-00072,2025-09-03T16:01:52.847917,C,active
CUST-00032,2025-08-25T07:01:52.847922,C,active
PROD-QPE-061,2025-09-05T07:01:52.847927,C,active
CUST-00040,2025-09-14T22:01:52.847932,C,active
KEY  000000,2025-08-20T10:01:52.847937,C,active
PROD-IGB-033,2025-08-28T08:01:52.847942,C,active
TXN-2023-050,2025-09-08T01:01:52.847947,C,active
CUST-00056,2025-08-22T20:01:52.847955,C,active
PROD-DCT-005,2025-09-14T00:01:52.847960,C,active
CUST-00060,2025-08-27T09:01:52.847965,C,active
