Normalized Key,Source System,Original Key,Proposed Master Key,Provisioning Strategy,Status,Timestamp
ORD-216645,E,ORD-216645,ORD-216645,mirror,active,2025-09-16T21:26:56.957111
ORD-216645,C, ORD-216645 ,PROPOSED-ORD-216645,mirror,pending,2025-09-16T21:26:56.957163
ORD-216645,D,ORD-216645,ORD-216645,mirror,active,2025-09-16T21:26:56.957175
TXN-002023-000266,E,TXN-2023-266,TXN-002023-000266,mirror,active,2025-09-16T21:26:56.957185
TXN-002023-000266,B,TXN-2023-266,TXN-002023-000266,mirror,active,2025-09-16T21:26:56.957193
TXN-002023-000266,C,TXN-2023-266,TXN-002023-000266,mirror,active,2025-09-16T21:26:56.957199
TXN-002023-000266,D,TXN-2023-266,TXN-002023-000266,mirror,active,2025-09-16T21:26:56.957205
ORD-227374,E,ORD-227374,ORD-227374,mirror,active,2025-09-16T21:26:56.957212
ORD-227374,B,ORD-227374,ORD-227374,mirror,active,2025-09-16T21:26:56.957217
ORD-227374,C,ORD-227374,ORD-227374,mirror,active,2025-09-16T21:26:56.957223
ORD-227374,D,ORD-227374,ORD-227374,mirror,active,2025-09-16T21:26:56.957228
PROD-PKY-000751,E,PROD-PKY-751,PROD-PKY-000751,mirror,active,2025-09-16T21:26:56.957235
PROD-PKY-000751,C,PROD-PKY-751,PROD-PKY-000751,mirror,active,2025-09-16T21:26:56.957241
PROD-PKY-000751,D,PROD-PKY-751,PROD-PKY-000751,mirror,active,2025-09-16T21:26:56.957247
PROD-UGU-000293,E,PROD-UGU-293,PROD-UGU-000293,mirror,active,2025-09-16T21:26:56.957253
PROD-UGU-000293,B,PROD-UGU-293,PROD-UGU-000293,mirror,active,2025-09-16T21:26:56.957258
PROD-UGU-000293,C,PROD-UGU-293,PROD-UGU-000293,mirror,active,2025-09-16T21:26:56.957264
ORD-869477,B,ORD-869477,ORD-869477,mirror,active,2025-09-16T21:26:56.957272
ORD-869477,C,ORD-869477,ORD-869477,mirror,active,2025-09-16T21:26:56.957277
ORD-869477,D,ORD-869477,ORD-869477,mirror,active,2025-09-16T21:26:56.957282
ORD-141378,E,ORD-141378,ORD-141378,mirror,active,2025-09-16T21:26:56.957290
ORD-141378,C,ORD-141378,ORD-141378,mirror,active,2025-09-16T21:26:56.957295
ORD-141378,D,ORD-141378,ORD-141378,mirror,active,2025-09-16T21:26:56.957300
ORD-209569,E,ORD-209569,ORD-209569,mirror,active,2025-09-16T21:26:56.957307
ORD-115638,E,ORD-115638,ORD-115638,mirror,active,2025-09-16T21:26:56.957315
ORD-115638,B,ORD-115638,ORD-115638,mirror,active,2025-09-16T21:26:56.957320
ORD-115638,C,ORD-115638,ORD-115638,mirror,active,2025-09-16T21:26:56.957325
ORD-115638,D,ORD-115638,ORD-115638,mirror,active,2025-09-16T21:26:56.957331
ORD-796319,E,ORD-796319,ORD-796319,mirror,active,2025-09-16T21:26:56.957337
ORD-796319,B,ORD-796319,ORD-796319,mirror,active,2025-09-16T21:26:56.957343
TXN-002023-000622,E,TXN-2023-622,PROPOSED-TXN-002023-000622,mirror,pending,2025-09-16T21:26:56.957349
TXN-002023-000622,B,TXN-2023-622,PROPOSED-TXN-002023-000622,mirror,pending,2025-09-16T21:26:56.957355
TXN-002023-000622,C,TXN-2023-622,PROPOSED-TXN-002023-000622,mirror,pending,2025-09-16T21:26:56.957361
TXN-002023-000622,D,TXN-2023-622,PROPOSED-TXN-002023-000622,mirror,pending,2025-09-16T21:26:56.957366
CUST-000136,E,CUST-00136,CUST-000136,mirror,active,2025-09-16T21:26:56.957373
CUST-000136,B,CUST-00136,CUST-000136,mirror,active,2025-09-16T21:26:56.957379
CUST-000136,D,CUST-00136,CUST-000136,mirror,active,2025-09-16T21:26:56.957384
PROD-VQQ-000505,E,PROD-VQQ-505,PROD-VQQ-000505,mirror,active,2025-09-16T21:26:56.957390
PROD-VQQ-000505,C,PROD-VQQ-505,PROD-VQQ-000505,mirror,active,2025-09-16T21:26:56.957397
PROD-PEZ-000759,B,PROD-PEZ-759,PROD-PEZ-000759,mirror,active,2025-09-16T21:26:56.957403
PROD-PEZ-000759,D,PROD-PEZ-759,PROD-PEZ-000759,mirror,active,2025-09-16T21:26:56.957409
CUST-000750,E,CUST-00750,CUST-000750,mirror,active,2025-09-16T21:26:56.957416
CUST-000750,C,CUST-00750,CUST-000750,mirror,active,2025-09-16T21:26:56.957421
CUST-000750,D,CUST-00750,CUST-000750,mirror,active,2025-09-16T21:26:56.957427
ORD-787903,E,ORD-787903,ORD-787903,mirror,active,2025-09-16T21:26:56.957434
ORD-787903,B,ORD-787903,ORD-787903,mirror,active,2025-09-16T21:26:56.957438
ORD-787903,D,ORD-787903,ORD-787903,mirror,active,2025-09-16T21:26:56.957444
CUST-000862,B,CUST-00862!@#$%,CUST-000862,mirror,active,2025-09-16T21:26:56.957451
CUST-000862,C,CUST-00862,PROPOSED-CUST-000862,mirror,pending,2025-09-16T21:26:56.957456
CUST-000862,D,CUST-00862,PROPOSED-CUST-000862,mirror,pending,2025-09-16T21:26:56.957462
PROD-YIX-000787,E,PROD-YIX-787,PROD-YIX-000787,mirror,active,2025-09-16T21:26:56.957469
PROD-YIX-000787,B,PROD-YIX-787,PROD-YIX-000787,mirror,active,2025-09-16T21:26:56.957475
PROD-YIX-000787,C,PROD-YIX-787,PROD-YIX-000787,mirror,active,2025-09-16T21:26:56.957481
PROD-YIX-000787,D,PROD-YIX-787,PROD-YIX-000787,mirror,active,2025-09-16T21:26:56.957485
TXN-002023-000254,E,TXN-2023-254,TXN-002023-000254,mirror,active,2025-09-16T21:26:56.957492
TXN-002023-000254,B,TXN-2023-254,TXN-002023-000254,mirror,active,2025-09-16T21:26:56.957497
TXN-002023-000254,C,TXN-2023-254,TXN-002023-000254,mirror,active,2025-09-16T21:26:56.957502
TXN-002023-000254,D,TXN-2023-254,TXN-002023-000254,mirror,active,2025-09-16T21:26:56.957507
PROD-MAZ-000831,E,PROD-MAZ-831,PROD-MAZ-000831,mirror,active,2025-09-16T21:26:56.957514
PROD-MAZ-000831,B,PROD-MAZ-831,PROD-MAZ-000831,mirror,active,2025-09-16T21:26:56.957519
PROD-MAZ-000831,C,PROD-MAZ-831,PROD-MAZ-000831,mirror,active,2025-09-16T21:26:56.957524
PROD-MAZ-000831,D, PROD-MAZ-831 ,PROPOSED-PROD-MAZ-000831,mirror,pending,2025-09-16T21:26:56.957529
TXN-002023-000800,E,TXN-2023-800,TXN-002023-000800,mirror,active,2025-09-16T21:26:56.957535
TXN-002023-000800,B,TXN-2023-800,TXN-002023-000800,mirror,active,2025-09-16T21:26:56.957541
TXN-002023-000800,D,TXN-2023-800,TXN-002023-000800,mirror,active,2025-09-16T21:26:56.957547
ORD-519964,B,ORD-519964,ORD-519964,mirror,active,2025-09-16T21:26:56.957553
ORD-519964,D,ORD-519964,ORD-519964,mirror,active,2025-09-16T21:26:56.957559
TXN-002023-000784,E,TXN-2023-784,TXN-002023-000784,mirror,active,2025-09-16T21:26:56.957565
TXN-002023-000784,B, TXN-2023-784 ,PROPOSED-TXN-002023-000784,mirror,pending,2025-09-16T21:26:56.957571
TXN-002023-000784,C,TXN-2023-784,TXN-002023-000784,mirror,active,2025-09-16T21:26:56.957576
TXN-002023-000784,D,TXN-2023-784,TXN-002023-000784,mirror,active,2025-09-16T21:26:56.957582
CUST-000802,E,CUST-00802,CUST-000802,mirror,active,2025-09-16T21:26:56.957590
CUST-000802,B,CUST-00802,CUST-000802,mirror,active,2025-09-16T21:26:56.957595
CUST-000802,D,CUST-00802,CUST-000802,mirror,active,2025-09-16T21:26:56.957600
PROD-WHG-000725,E,PROD-WHG-725,PROD-WHG-000725,mirror,active,2025-09-16T21:26:56.957608
PROD-WHG-000725,B,PROD-WHG-725,PROD-WHG-000725,mirror,active,2025-09-16T21:26:56.957614
PROD-WHG-000725,C,PROD-WHG-725,PROD-WHG-000725,mirror,active,2025-09-16T21:26:56.957623
CUST-000236,E, CUST-00236 ,CUST-000236,mirror,active,2025-09-16T21:26:56.957631
CUST-000236,B,CUST-00236,PROPOSED-CUST-000236,mirror,pending,2025-09-16T21:26:56.957637
CUST-000236,C,CUST-00236,PROPOSED-CUST-000236,mirror,pending,2025-09-16T21:26:56.957642
CUST-000236,D,CUST-00236,PROPOSED-CUST-000236,mirror,pending,2025-09-16T21:26:56.957646
PROD-XOJ-000823,E,PROD-XOJ-823,PROD-XOJ-000823,mirror,active,2025-09-16T21:26:56.957654
PROD-XOJ-000823,C,PROD-XOJ-823,PROD-XOJ-000823,mirror,active,2025-09-16T21:26:56.957660
PROD-XOJ-000823,D,PROD-XOJ-823,PROD-XOJ-000823,mirror,active,2025-09-16T21:26:56.957666
TXN-002023-000844,E,TXN-2023-844,TXN-002023-000844,mirror,active,2025-09-16T21:26:56.957673
TXN-002023-000844,B,TXN-2023-844,TXN-002023-000844,mirror,active,2025-09-16T21:26:56.957678
TXN-002023-000844,D,TXN-2023-844,TXN-002023-000844,mirror,active,2025-09-16T21:26:56.957685
ORD-384303,B,ORD-384303,ORD-384303,mirror,active,2025-09-16T21:26:56.957693
ORD-384303,D, ORD-384303 ,PROPOSED-ORD-384303,mirror,pending,2025-09-16T21:26:56.957698
TXN-002023-000840,E,TXN-2023-840!@#$%,TXN-002023-000840,mirror,active,2025-09-16T21:26:56.957705
TXN-002023-000840,B,TXN-2023-840,PROPOSED-TXN-002023-000840,mirror,pending,2025-09-16T21:26:56.957711
TXN-002023-000840,C,TXN-2023-840,PROPOSED-TXN-002023-000840,mirror,pending,2025-09-16T21:26:56.957716
TXN-002023-000840,D,TXN-2023-840,PROPOSED-TXN-002023-000840,mirror,pending,2025-09-16T21:26:56.957724
TXN-002023-000138,E,TXN-2023-138,TXN-002023-000138,mirror,active,2025-09-16T21:26:56.957733
TXN-002023-000138,C,TXN-2023-138,TXN-002023-000138,mirror,active,2025-09-16T21:26:56.957739
TXN-002023-000138,D,TXN-2023-138,TXN-002023-000138,mirror,active,2025-09-16T21:26:56.957745
ORD-231895,E,ORD-231895,ORD-231895,mirror,active,2025-09-16T21:26:56.957752
ORD-231895,D,ORD-231895,ORD-231895,mirror,active,2025-09-16T21:26:56.957757
CUST-000580,E,CUST-00580,PROPOSED-CUST-000580,mirror,pending,2025-09-16T21:26:56.957764
CUST-000580,B,CUST-00580,PROPOSED-CUST-000580,mirror,pending,2025-09-16T21:26:56.957770
CUST-000580,C,CUST-00580,PROPOSED-CUST-000580,mirror,pending,2025-09-16T21:26:56.957775
CUST-000580,D,CUST-00580,PROPOSED-CUST-000580,mirror,pending,2025-09-16T21:26:56.957780
TXN-002023-000868,E,TXN-2023-868,TXN-002023-000868,mirror,active,2025-09-16T21:26:56.957786
TXN-002023-000868,B,TXN-2023-868,TXN-002023-000868,mirror,active,2025-09-16T21:26:56.957792
TXN-002023-000868,C,TXN-2023-868,TXN-002023-000868,mirror,active,2025-09-16T21:26:56.957796
TXN-002023-000868,D,TXN-2023-868,TXN-002023-000868,mirror,active,2025-09-16T21:26:56.957802
TXN-002023-000338,E,TXN-2023-338,PROPOSED-TXN-002023-000338,mirror,pending,2025-09-16T21:26:56.957809
TXN-002023-000338,C,TXN-2023-338,PROPOSED-TXN-002023-000338,mirror,pending,2025-09-16T21:26:56.957814
TXN-002023-000338,D,TXN-2023-338,PROPOSED-TXN-002023-000338,mirror,pending,2025-09-16T21:26:56.957819
ORD-823262,E,ORD-823262,ORD-823262,mirror,active,2025-09-16T21:26:56.957826
ORD-823262,B,ORD-823262,ORD-823262,mirror,active,2025-09-16T21:26:56.957831
ORD-823262,C,ORD-823262,ORD-823262,mirror,active,2025-09-16T21:26:56.957836
ORD-823262,D,ORD-823262,ORD-823262,mirror,active,2025-09-16T21:26:56.957841
TXN-002023-000816,E,TXN-2023-816,TXN-002023-000816,mirror,active,2025-09-16T21:26:56.957934
TXN-002023-000816,B,TXN-2023-816,TXN-002023-000816,mirror,active,2025-09-16T21:26:56.957953
TXN-002023-000816,C,TXN-2023-816,TXN-002023-000816,mirror,active,2025-09-16T21:26:56.957960
TXN-002023-000816,D,TXN-2023-816,TXN-002023-000816,mirror,active,2025-09-16T21:26:56.957965
CUST-000332,E,CUST-00332,CUST-000332,mirror,active,2025-09-16T21:26:56.957972
CUST-000332,B,CUST-00332,CUST-000332,mirror,active,2025-09-16T21:26:56.957977
CUST-000332,C,CUST-00332,CUST-000332,mirror,active,2025-09-16T21:26:56.957982
PROD-GXI-000137,E,PROD-GXI-137,PROD-GXI-000137,mirror,active,2025-09-16T21:26:56.957989
PROD-GXI-000137,B,PROD-GXI-137,PROD-GXI-000137,mirror,active,2025-09-16T21:26:56.957995
PROD-GXI-000137,D,PROD-GXI-137,PROD-GXI-000137,mirror,active,2025-09-16T21:26:56.958000
ORD-226644,E,ORD-226644,ORD-226644,mirror,active,2025-09-16T21:26:56.958006
ORD-226644,B,ORD-226644,ORD-226644,mirror,active,2025-09-16T21:26:56.958011
ORD-226644,C,ORD-226644,ORD-226644,mirror,active,2025-09-16T21:26:56.958015
ORD-226644,D,ORD-226644,ORD-226644,mirror,active,2025-09-16T21:26:56.958020
CUST-000388,B, CUST-00388 ,CUST-000388,mirror,active,2025-09-16T21:26:56.958026
CUST-000388,C,CUST-00388,PROPOSED-CUST-000388,mirror,pending,2025-09-16T21:26:56.958034
CUST-000388,D,CUST-00388,PROPOSED-CUST-000388,mirror,pending,2025-09-16T21:26:56.958040
CUST-000524,E,CUST-00524,PROPOSED-CUST-000524,mirror,pending,2025-09-16T21:26:56.958083
CUST-000524,B,CUST-00524,PROPOSED-CUST-000524,mirror,pending,2025-09-16T21:26:56.958101
CUST-000524,C,CUST-00524,PROPOSED-CUST-000524,mirror,pending,2025-09-16T21:26:56.958108
CUST-000778,E,CUST-00778,CUST-000778,mirror,active,2025-09-16T21:26:56.958116
TXN-002023-000752,E,TXN-2023-752,TXN-002023-000752,mirror,active,2025-09-16T21:26:56.958123
TXN-002023-000752,B,TXN-2023-752,TXN-002023-000752,mirror,active,2025-09-16T21:26:56.958129
TXN-002023-000752,C,TXN-2023-752,TXN-002023-000752,mirror,active,2025-09-16T21:26:56.958135
TXN-002023-000752,D,TXN-2023-752,TXN-002023-000752,mirror,active,2025-09-16T21:26:56.958140
PROD-TCL-000819,E,PROD-TCL-819,PROD-TCL-000819,mirror,active,2025-09-16T21:26:56.958146
PROD-TCL-000819,B,PROD-TCL-819,PROD-TCL-000819,mirror,active,2025-09-16T21:26:56.958151
PROD-TCL-000819,C,PROD-TCL-819,PROD-TCL-000819,mirror,active,2025-09-16T21:26:56.958156
PROD-FCD-000701,E,PROD-FCD-701,PROD-FCD-000701,mirror,active,2025-09-16T21:26:56.958163
PROD-FCD-000701,B,PROD-FCD-701,PROD-FCD-000701,mirror,active,2025-09-16T21:26:56.958168
PROD-FCD-000701,C,PROD-FCD-701,PROD-FCD-000701,mirror,active,2025-09-16T21:26:56.958173
PROD-FCD-000701,D,PROD-FCD-701,PROD-FCD-000701,mirror,active,2025-09-16T21:26:56.958177
ORD-708544,B,ORD-708544,ORD-708544,mirror,active,2025-09-16T21:26:56.958184
ORD-708544,C, ORD-708544 ,PROPOSED-ORD-708544,mirror,pending,2025-09-16T21:26:56.958189
ORD-708544,D,ORD-708544,ORD-708544,mirror,active,2025-09-16T21:26:56.958195
PROD-MYU-000301,E, PROD-MYU-301 ,PROD-MYU-000301,mirror,active,2025-09-16T21:26:56.958205
PROD-MYU-000301,B,PROD-MYU-301,PROPOSED-PROD-MYU-000301,mirror,pending,2025-09-16T21:26:56.958210
PROD-MYU-000301,C,PROD-MYU-301,PROPOSED-PROD-MYU-000301,mirror,pending,2025-09-16T21:26:56.958215
PROD-MYU-000301,D,PROD-MYU-301,PROPOSED-PROD-MYU-000301,mirror,pending,2025-09-16T21:26:56.958221
TXN-002023-000776,E,TXN-2023-776,TXN-002023-000776,mirror,active,2025-09-16T21:26:56.958227
TXN-002023-000776,C,TXN-2023-776,TXN-002023-000776,mirror,active,2025-09-16T21:26:56.958232
TXN-002023-000776,D,TXN-2023-776,TXN-002023-000776,mirror,active,2025-09-16T21:26:56.958238
ORD-838079,E,ORD-838079,ORD-838079,mirror,active,2025-09-16T21:26:56.958244
ORD-838079,B,ORD-838079!@#$%,PROPOSED-ORD-838079,mirror,pending,2025-09-16T21:26:56.958249
ORD-838079,C,ORD-838079,ORD-838079,mirror,active,2025-09-16T21:26:56.958254
ORD-838079,D,ORD-838079,ORD-838079,mirror,active,2025-09-16T21:26:56.958259
ORD-424246,E,ORD-424246,ORD-424246,mirror,active,2025-09-16T21:26:56.958266
ORD-424246,B,ORD-424246,ORD-424246,mirror,active,2025-09-16T21:26:56.958271
ORD-424246,C,ORD-424246,ORD-424246,mirror,active,2025-09-16T21:26:56.958277
ORD-424246,D,ORD-424246,ORD-424246,mirror,active,2025-09-16T21:26:56.958282
ORD-719075,E,ORD-719075,ORD-719075,mirror,active,2025-09-16T21:26:56.958288
ORD-719075,C,ORD-719075,ORD-719075,mirror,active,2025-09-16T21:26:56.958293
ORD-719075,D,ORD-719075,ORD-719075,mirror,active,2025-09-16T21:26:56.958297
ORD-338925,E,ORD-338925,ORD-338925,mirror,active,2025-09-16T21:26:56.958304
ORD-338925,B, ORD-338925 ,PROPOSED-ORD-338925,mirror,pending,2025-09-16T21:26:56.958309
ORD-338925,C,ORD-338925,ORD-338925,mirror,active,2025-09-16T21:26:56.958313
ORD-338925,D,ORD-338925,ORD-338925,mirror,active,2025-09-16T21:26:56.958319
PROD-LXQ-000561,B,PROD-LXQ-561!@#$%,PROD-LXQ-000561,mirror,active,2025-09-16T21:26:56.958325
PROD-LXQ-000561,C,PROD-LXQ-561,PROPOSED-PROD-LXQ-000561,mirror,pending,2025-09-16T21:26:56.958330
CUST-000584,B,CUST-00584,PROPOSED-CUST-000584,mirror,pending,2025-09-16T21:26:56.958339
CUST-000584,C,CUST-00584,PROPOSED-CUST-000584,mirror,pending,2025-09-16T21:26:56.958344
CUST-000584,D,CUST-00584,PROPOSED-CUST-000584,mirror,pending,2025-09-16T21:26:56.958349
CUST-000758,E,CUST-00758,CUST-000758,mirror,active,2025-09-16T21:26:56.958355
CUST-000758,B,CUST-00758,CUST-000758,mirror,active,2025-09-16T21:26:56.958360
CUST-000758,C,CUST-00758,CUST-000758,mirror,active,2025-09-16T21:26:56.958366
CUST-000758,D,CUST-00758,CUST-000758,mirror,active,2025-09-16T21:26:56.958371
TXN-002023-000852,E,TXN-2023-852,TXN-002023-000852,mirror,active,2025-09-16T21:26:56.958378
TXN-002023-000852,C,TXN-2023-852,TXN-002023-000852,mirror,active,2025-09-16T21:26:56.958383
TXN-002023-000852,D,TXN-2023-852,TXN-002023-000852,mirror,active,2025-09-16T21:26:56.958389
PROD-YTI-000815,B, PROD-YTI-815 ,PROD-YTI-000815,mirror,active,2025-09-16T21:26:56.958396
PROD-YTI-000815,C,PROD-YTI-815,PROPOSED-PROD-YTI-000815,mirror,pending,2025-09-16T21:26:56.958402
PROD-YTI-000815,D,PROD-YTI-815,PROPOSED-PROD-YTI-000815,mirror,pending,2025-09-16T21:26:56.958407
TXN-002023-000856,E,TXN-2023-856,TXN-002023-000856,mirror,active,2025-09-16T21:26:56.958414
TXN-002023-000856,B,TXN-2023-856,TXN-002023-000856,mirror,active,2025-09-16T21:26:56.958420
TXN-002023-000856,C,TXN-2023-856,TXN-002023-000856,mirror,active,2025-09-16T21:26:56.958437
TXN-002023-000856,D,TXN-2023-856,TXN-002023-000856,mirror,active,2025-09-16T21:26:56.958442
CUST-000132,E,CUST-00132,CUST-000132,mirror,active,2025-09-16T21:26:56.958449
CUST-000132,D,CUST-00132,CUST-000132,mirror,active,2025-09-16T21:26:56.958454
CUST-000692,E,CUST-00692,PROPOSED-CUST-000692,mirror,pending,2025-09-16T21:26:56.958459
CUST-000692,B,CUST-00692,PROPOSED-CUST-000692,mirror,pending,2025-09-16T21:26:56.958464
CUST-000692,D,CUST-00692,PROPOSED-CUST-000692,mirror,pending,2025-09-16T21:26:56.958469
ORD-601980,E,ORD-601980,ORD-601980,mirror,active,2025-09-16T21:26:56.958475
ORD-601980,B,ORD-601980,ORD-601980,mirror,active,2025-09-16T21:26:56.958481
ORD-601980,D, ORD-601980 ,PROPOSED-ORD-601980,mirror,pending,2025-09-16T21:26:56.958485
TXN-002023-000498,E,TXN-2023-498,TXN-002023-000498,mirror,active,2025-09-16T21:26:56.958491
TXN-002023-000498,B,TXN-2023-498,TXN-002023-000498,mirror,active,2025-09-16T21:26:56.958496
TXN-002023-000498,C,TXN-2023-498,TXN-002023-000498,mirror,active,2025-09-16T21:26:56.958501
TXN-002023-000498,D,TXN-2023-498,TXN-002023-000498,mirror,active,2025-09-16T21:26:56.958507
PROD-FCZ-000755,E,PROD-FCZ-755,PROD-FCZ-000755,mirror,active,2025-09-16T21:26:56.958514
PROD-FCZ-000755,C,PROD-FCZ-755,PROD-FCZ-000755,mirror,active,2025-09-16T21:26:56.958519
PROD-FCZ-000755,D,PROD-FCZ-755,PROD-FCZ-000755,mirror,active,2025-09-16T21:26:56.958524
CUST-000016,E,CUST-00016,CUST-000016,mirror,active,2025-09-16T21:26:56.958532
CUST-000016,B,CUST-00016,CUST-000016,mirror,active,2025-09-16T21:26:56.958537
CUST-000016,C,CUST-00016,CUST-000016,mirror,active,2025-09-16T21:26:56.958543
CUST-000016,D,CUST-00016,CUST-000016,mirror,active,2025-09-16T21:26:56.958548
TXN-002023-000864,E, TXN-2023-864 ,TXN-002023-000864,mirror,active,2025-09-16T21:26:56.958556
TXN-002023-000864,C,TXN-2023-864,PROPOSED-TXN-002023-000864,mirror,pending,2025-09-16T21:26:56.958563
PROD-JIY-000501,B,PROD-JIY-501,PROD-JIY-000501,mirror,active,2025-09-16T21:26:56.958571
PROD-JIY-000501,C,PROD-JIY-501,PROD-JIY-000501,mirror,active,2025-09-16T21:26:56.958577
PROD-RPE-000867,B,PROD-RPE-867,PROD-RPE-000867,mirror,active,2025-09-16T21:26:56.958585
PROD-RPE-000867,C,PROD-RPE-867,PROD-RPE-000867,mirror,active,2025-09-16T21:26:56.958592
PROD-RPE-000867,D,PROD-RPE-867,PROD-RPE-000867,mirror,active,2025-09-16T21:26:56.958597
PROD-OOY-000847,E,PROD-OOY-847,PROD-OOY-000847,mirror,active,2025-09-16T21:26:56.958604
PROD-OOY-000847,B,PROD-OOY-847,PROD-OOY-000847,mirror,active,2025-09-16T21:26:56.958610
PROD-OOY-000847,D,PROD-OOY-847,PROD-OOY-000847,mirror,active,2025-09-16T21:26:56.958616
PROD-JJT-000609,E,PROD-JJT-609,PROD-JJT-000609,mirror,active,2025-09-16T21:26:56.958623
PROD-JJT-000609,B,PROD-JJT-609,PROD-JJT-000609,mirror,active,2025-09-16T21:26:56.958630
PROD-JJT-000609,C,PROD-JJT-609,PROD-JJT-000609,mirror,active,2025-09-16T21:26:56.958635
PROD-JJT-000609,D,PROD-JJT-609,PROD-JJT-000609,mirror,active,2025-09-16T21:26:56.958640
CUST-000766,E,CUST-00766,CUST-000766,mirror,active,2025-09-16T21:26:56.958647
CUST-000766,B,CUST-00766,CUST-000766,mirror,active,2025-09-16T21:26:56.958652
CUST-000766,C,CUST-00766,CUST-000766,mirror,active,2025-09-16T21:26:56.958658
CUST-000766,D,CUST-00766,CUST-000766,mirror,active,2025-09-16T21:26:56.958663
TXN-002023-000788,E,TXN-2023-788,TXN-002023-000788,mirror,active,2025-09-16T21:26:56.958670
TXN-002023-000788,B,TXN-2023-788,TXN-002023-000788,mirror,active,2025-09-16T21:26:56.958675
TXN-002023-000788,C,TXN-2023-788,TXN-002023-000788,mirror,active,2025-09-16T21:26:56.958681
TXN-002023-000788,D,TXN-2023-788,TXN-002023-000788,mirror,active,2025-09-16T21:26:56.958687
TXN-002023-000780,B,TXN-2023-780,TXN-002023-000780,mirror,active,2025-09-16T21:26:56.958694
TXN-002023-000780,C,TXN-2023-780,TXN-002023-000780,mirror,active,2025-09-16T21:26:56.958700
TXN-002023-000780,D,TXN-2023-780,TXN-002023-000780,mirror,active,2025-09-16T21:26:56.958709
PROD-ZIE-000767,E,PROD-ZIE-767,PROD-ZIE-000767,mirror,active,2025-09-16T21:26:56.958717
PROD-ZIE-000767,C,PROD-ZIE-767,PROD-ZIE-000767,mirror,active,2025-09-16T21:26:56.958723
PROD-ZIE-000767,D,PROD-ZIE-767,PROD-ZIE-000767,mirror,active,2025-09-16T21:26:56.958728
CUST-000814,E,CUST-00814,CUST-000814,mirror,active,2025-09-16T21:26:56.958736
CUST-000814,B,CUST-00814,CUST-000814,mirror,active,2025-09-16T21:26:56.958743
CUST-000814,D,CUST-00814,CUST-000814,mirror,active,2025-09-16T21:26:56.958748
TXN-002023-000812,E,TXN-2023-812,TXN-002023-000812,mirror,active,2025-09-16T21:26:56.959289
TXN-002023-000812,B,TXN-2023-812,TXN-002023-000812,mirror,active,2025-09-16T21:26:56.959742
ORD-467728,E,ORD-467728,ORD-467728,mirror,active,2025-09-16T21:26:56.959796
ORD-467728,B,ORD-467728,ORD-467728,mirror,active,2025-09-16T21:26:56.959805
PROD-ELQ-000851,E,PROD-ELQ-851,PROD-ELQ-000851,mirror,active,2025-09-16T21:26:56.959815
PROD-ELQ-000851,B,PROD-ELQ-851,PROD-ELQ-000851,mirror,active,2025-09-16T21:26:56.959821
PROD-ELQ-000851,D,PROD-ELQ-851,PROD-ELQ-000851,mirror,active,2025-09-16T21:26:56.959827
CUST-000822,E,CUST-00822,CUST-000822,mirror,active,2025-09-16T21:26:56.959835
CUST-000822,C,CUST-00822,CUST-000822,mirror,active,2025-09-16T21:26:56.959842
CUST-000822,D,CUST-00822,CUST-000822,mirror,active,2025-09-16T21:26:56.959848
ORD-748238,E, ORD-748238 ,ORD-748238,mirror,active,2025-09-16T21:26:56.959856
ORD-748238,B,ORD-748238,PROPOSED-ORD-748238,mirror,pending,2025-09-16T21:26:56.959864
ORD-748238,C,ORD-748238,PROPOSED-ORD-748238,mirror,pending,2025-09-16T21:26:56.959870
ORD-748238,D,ORD-748238,PROPOSED-ORD-748238,mirror,pending,2025-09-16T21:26:56.959876
TXN-002023-000310,E,TXN-2023-310,TXN-002023-000310,mirror,active,2025-09-16T21:26:56.959885
TXN-002023-000310,B,TXN-2023-310,TXN-002023-000310,mirror,active,2025-09-16T21:26:56.959892
TXN-002023-000310,C,TXN-2023-310,TXN-002023-000310,mirror,active,2025-09-16T21:26:56.960216
TXN-002023-000310,D,TXN-2023-310,TXN-002023-000310,mirror,active,2025-09-16T21:26:56.960227
ORD-948854,E,ORD-948854,ORD-948854,mirror,active,2025-09-16T21:26:56.960242
ORD-948854,B,ORD-948854,ORD-948854,mirror,active,2025-09-16T21:26:56.960249
ORD-948854,C,ORD-948854,ORD-948854,mirror,active,2025-09-16T21:26:56.960254
ORD-948854,D,ORD-948854,ORD-948854,mirror,active,2025-09-16T21:26:56.960260
CUST-000798,D,CUST-00798,CUST-000798,mirror,active,2025-09-16T21:26:56.960269
TXN-002023-000848,E,TXN-2023-848,TXN-002023-000848,mirror,active,2025-09-16T21:26:56.960277
TXN-002023-000848,C,TXN-2023-848,TXN-002023-000848,mirror,active,2025-09-16T21:26:56.960282
TXN-002023-000848,D,TXN-2023-848,TXN-002023-000848,mirror,active,2025-09-16T21:26:56.960287
TXN-002023-000860,E,TXN-2023-860,TXN-002023-000860,mirror,active,2025-09-16T21:26:56.960294
TXN-002023-000860,C,TXN-2023-860,TXN-002023-000860,mirror,active,2025-09-16T21:26:56.960300
ORD-691285,E,ORD-691285,ORD-691285,mirror,active,2025-09-16T21:26:56.960309
ORD-691285,B,ORD-691285,ORD-691285,mirror,active,2025-09-16T21:26:56.960318
ORD-691285,D,ORD-691285,ORD-691285,mirror,active,2025-09-16T21:26:56.960324
ORD-641383,E,ORD-641383,ORD-641383,mirror,active,2025-09-16T21:26:56.960333
ORD-641383,C,ORD-641383,ORD-641383,mirror,active,2025-09-16T21:26:56.960338
ORD-641383,D,ORD-641383,ORD-641383,mirror,active,2025-09-16T21:26:56.960343
TXN-002023-000824,B,TXN-2023-824,TXN-002023-000824,mirror,active,2025-09-16T21:26:56.960350
TXN-002023-000824,C,TXN-2023-824,TXN-002023-000824,mirror,active,2025-09-16T21:26:56.960356
TXN-002023-000824,D,TXN-2023-824,TXN-002023-000824,mirror,active,2025-09-16T21:26:56.960362
TXN-002023-000130,E,TXN-2023-130,TXN-002023-000130,mirror,active,2025-09-16T21:26:56.960370
TXN-002023-000130,B,TXN-2023-130,TXN-002023-000130,mirror,active,2025-09-16T21:26:56.960376
TXN-002023-000130,C,TXN-2023-130,TXN-002023-000130,mirror,active,2025-09-16T21:26:56.960381
ORD-500361,E,ORD-500361,ORD-500361,mirror,active,2025-09-16T21:26:56.960388
ORD-500361,B,ORD-500361,ORD-500361,mirror,active,2025-09-16T21:26:56.960393
ORD-500361,D,ORD-500361,ORD-500361,mirror,active,2025-09-16T21:26:56.960399
PROD-LHC-000775,E,PROD-LHC-775,PROD-LHC-000775,mirror,active,2025-09-16T21:26:56.960405
PROD-LHC-000775,B,PROD-LHC-775,PROD-LHC-000775,mirror,active,2025-09-16T21:26:56.960411
PROD-LHC-000775,C,PROD-LHC-775,PROD-LHC-000775,mirror,active,2025-09-16T21:26:56.960416
PROD-LHC-000775,D,PROD-LHC-775,PROD-LHC-000775,mirror,active,2025-09-16T21:26:56.960421
ORD-895182,E,ORD-895182,ORD-895182,mirror,active,2025-09-16T21:26:56.960428
ORD-895182,B,ORD-895182,ORD-895182,mirror,active,2025-09-16T21:26:56.960433
ORD-895182,D,ORD-895182,ORD-895182,mirror,active,2025-09-16T21:26:56.960439
TXN-002023-000772,E,TXN-2023-772,TXN-002023-000772,mirror,active,2025-09-16T21:26:56.960447
TXN-002023-000772,D,TXN-2023-772,TXN-002023-000772,mirror,active,2025-09-16T21:26:56.960452
TXN-002023-000792,E,TXN-2023-792,TXN-002023-000792,mirror,active,2025-09-16T21:26:56.960459
TXN-002023-000792,C,TXN-2023-792,TXN-002023-000792,mirror,active,2025-09-16T21:26:56.960464
TXN-002023-000792,D,TXN-2023-792,TXN-002023-000792,mirror,active,2025-09-16T21:26:56.960470
ORD-580678,E,ORD-580678,ORD-580678,mirror,active,2025-09-16T21:26:56.960479
ORD-580678,B,ORD-580678,ORD-580678,mirror,active,2025-09-16T21:26:56.960485
ORD-580678,C,ORD-580678,ORD-580678,mirror,active,2025-09-16T21:26:56.960492
ORD-580678,D,ORD-580678,ORD-580678,mirror,active,2025-09-16T21:26:56.960498
PROD-YWC-000839,B,PROD-YWC-839!@#$%,PROD-YWC-000839,mirror,active,2025-09-16T21:26:56.960621
PROD-YWC-000839,C,PROD-YWC-839,PROPOSED-PROD-YWC-000839,mirror,pending,2025-09-16T21:26:56.960640
PROD-YWC-000839,D,PROD-YWC-839,PROPOSED-PROD-YWC-000839,mirror,pending,2025-09-16T21:26:56.960648
CUST-000040,E,CUST-00040,CUST-000040,mirror,active,2025-09-16T21:26:56.960658
CUST-000040,B,CUST-00040,CUST-000040,mirror,active,2025-09-16T21:26:56.960664
CUST-000040,C,CUST-00040,CUST-000040,mirror,active,2025-09-16T21:26:56.960670
CUST-000040,D,CUST-00040,CUST-000040,mirror,active,2025-09-16T21:26:56.960675
ORD-957952,B,ORD-957952,ORD-957952,mirror,active,2025-09-16T21:26:56.960684
ORD-957952,D,ORD-957952,ORD-957952,mirror,active,2025-09-16T21:26:56.960690
TXN-002023-000734,E,TXN-2023-734,PROPOSED-TXN-002023-000734,mirror,pending,2025-09-16T21:26:56.960697
TXN-002023-000734,B,TXN-2023-734,PROPOSED-TXN-002023-000734,mirror,pending,2025-09-16T21:26:56.960711
TXN-002023-000734,D,TXN-2023-734,PROPOSED-TXN-002023-000734,mirror,pending,2025-09-16T21:26:56.960716
PROD-YUG-000141,E,PROD-YUG-141!@#$%,PROD-YUG-000141,mirror,active,2025-09-16T21:26:56.960727
PROD-YUG-000141,B,PROD-YUG-141,PROPOSED-PROD-YUG-000141,mirror,pending,2025-09-16T21:26:56.960732
PROD-YUG-000141,D,PROD-YUG-141,PROPOSED-PROD-YUG-000141,mirror,pending,2025-09-16T21:26:56.960738
CUST-000846,E,CUST-00846,CUST-000846,mirror,active,2025-09-16T21:26:56.960746
CUST-000846,C,CUST-00846,CUST-000846,mirror,active,2025-09-16T21:26:56.960751
CUST-000846,D,CUST-00846,CUST-000846,mirror,active,2025-09-16T21:26:56.960758
TXN-002023-000226,B,TXN-2023-226,TXN-002023-000226,mirror,active,2025-09-16T21:26:56.960765
TXN-002023-000226,C,TXN-2023-226,TXN-002023-000226,mirror,active,2025-09-16T21:26:56.960770
TXN-002023-000226,D,TXN-2023-226,TXN-002023-000226,mirror,active,2025-09-16T21:26:56.960775
CUST-000818,B,CUST-00818,CUST-000818,mirror,active,2025-09-16T21:26:56.960781
CUST-000818,C,CUST-00818,CUST-000818,mirror,active,2025-09-16T21:26:56.960787
CUST-000818,D,CUST-00818,CUST-000818,mirror,active,2025-09-16T21:26:56.960792
PROD-GTF-000201,E,PROD-GTF-201,PROD-GTF-000201,mirror,active,2025-09-16T21:26:56.960801
PROD-GTF-000201,B,PROD-GTF-201,PROD-GTF-000201,mirror,active,2025-09-16T21:26:56.960807
PROD-GTF-000201,C,PROD-GTF-201,PROD-GTF-000201,mirror,active,2025-09-16T21:26:56.960813
PROD-GTF-000201,D, PROD-GTF-201 ,PROPOSED-PROD-GTF-000201,mirror,pending,2025-09-16T21:26:56.960818
CUST-000488,C,CUST-00488,CUST-000488,mirror,active,2025-09-16T21:26:56.960826
CUST-000488,D,CUST-00488,CUST-000488,mirror,active,2025-09-16T21:26:56.960832
CUST-000850,E,CUST-00850,CUST-000850,mirror,active,2025-09-16T21:26:56.960839
CUST-000850,C,CUST-00850,CUST-000850,mirror,active,2025-09-16T21:26:56.960844
CUST-000850,D,CUST-00850,CUST-000850,mirror,active,2025-09-16T21:26:56.960849
CUST-000754,E,CUST-00754,CUST-000754,mirror,active,2025-09-16T21:26:56.960857
CUST-000754,B,CUST-00754,CUST-000754,mirror,active,2025-09-16T21:26:56.960993
CUST-000754,C,CUST-00754,CUST-000754,mirror,active,2025-09-16T21:26:56.961014
CUST-000336,B,CUST-00336,PROPOSED-CUST-000336,mirror,pending,2025-09-16T21:26:56.961289
CUST-000336,C,CUST-00336,PROPOSED-CUST-000336,mirror,pending,2025-09-16T21:26:56.961309
CUST-000336,D,CUST-00336,PROPOSED-CUST-000336,mirror,pending,2025-09-16T21:26:56.961313
ORD-617455,E,ORD-617455,ORD-617455,mirror,active,2025-09-16T21:26:56.961321
ORD-617455,C,ORD-617455,ORD-617455,mirror,active,2025-09-16T21:26:56.961325
ORD-617455,D,ORD-617455,ORD-617455,mirror,active,2025-09-16T21:26:56.961328
CUST-000794,E,CUST-00794,CUST-000794,mirror,active,2025-09-16T21:26:56.961335
CUST-000794,B,CUST-00794,CUST-000794,mirror,active,2025-09-16T21:26:56.961339
CUST-000794,C,CUST-00794,CUST-000794,mirror,active,2025-09-16T21:26:56.961343
CUST-000794,D,CUST-00794!@#$%,PROPOSED-CUST-000794,mirror,pending,2025-09-16T21:26:56.961347
CUST-000192,E,CUST-00192,CUST-000192,mirror,active,2025-09-16T21:26:56.961352
CUST-000192,B,CUST-00192,CUST-000192,mirror,active,2025-09-16T21:26:56.961356
CUST-000192,D,CUST-00192,CUST-000192,mirror,active,2025-09-16T21:26:56.961359
PROD-VBQ-000827,E,PROD-VBQ-827,PROD-VBQ-000827,mirror,active,2025-09-16T21:26:56.961363
PROD-VBQ-000827,B,PROD-VBQ-827,PROD-VBQ-000827,mirror,active,2025-09-16T21:26:56.961367
PROD-VBQ-000827,C,PROD-VBQ-827,PROD-VBQ-000827,mirror,active,2025-09-16T21:26:56.961370
PROD-VBQ-000827,D,PROD-VBQ-827,PROD-VBQ-000827,mirror,active,2025-09-16T21:26:56.961373
PROD-POZ-000689,E,PROD-POZ-689,PROD-POZ-000689,mirror,active,2025-09-16T21:26:56.961377
PROD-POZ-000689,C,PROD-POZ-689,PROD-POZ-000689,mirror,active,2025-09-16T21:26:56.961383
PROD-MUJ-000221,E,PROD-MUJ-221,PROD-MUJ-000221,mirror,active,2025-09-16T21:26:56.961388
PROD-MUJ-000221,B,PROD-MUJ-221,PROD-MUJ-000221,mirror,active,2025-09-16T21:26:56.961391
PROD-MUJ-000221,C,PROD-MUJ-221,PROD-MUJ-000221,mirror,active,2025-09-16T21:26:56.961394
PROD-MUJ-000221,D,PROD-MUJ-221,PROD-MUJ-000221,mirror,active,2025-09-16T21:26:56.961397
CUST-000782,E,CUST-00782,CUST-000782,mirror,active,2025-09-16T21:26:56.961404
CUST-000782,B,CUST-00782,CUST-000782,mirror,active,2025-09-16T21:26:56.961407
CUST-000782,D,CUST-00782,CUST-000782,mirror,active,2025-09-16T21:26:56.961410
ORD-696528,E,ORD-696528,ORD-696528,mirror,active,2025-09-16T21:26:56.961414
ORD-696528,B,ORD-696528,ORD-696528,mirror,active,2025-09-16T21:26:56.961418
ORD-696528,D,ORD-696528,ORD-696528,mirror,active,2025-09-16T21:26:56.961421
TXN-002023-000182,E,TXN-2023-182,PROPOSED-TXN-002023-000182,mirror,pending,2025-09-16T21:26:56.961425
TXN-002023-000182,B,TXN-2023-182,PROPOSED-TXN-002023-000182,mirror,pending,2025-09-16T21:26:56.961428
TXN-002023-000182,C,TXN-2023-182,PROPOSED-TXN-002023-000182,mirror,pending,2025-09-16T21:26:56.961432
TXN-002023-000182,D,TXN-2023-182,PROPOSED-TXN-002023-000182,mirror,pending,2025-09-16T21:26:56.961435
ORD-541486,E,ORD-541486,ORD-541486,mirror,active,2025-09-16T21:26:56.961440
ORD-541486,D,ORD-541486,ORD-541486,mirror,active,2025-09-16T21:26:56.961443
PROD-WNW-000101,E,PROD-WNW-101,PROD-WNW-000101,mirror,active,2025-09-16T21:26:56.961448
PROD-WNW-000101,B,PROD-WNW-101,PROD-WNW-000101,mirror,active,2025-09-16T21:26:56.961451
PROD-WNW-000101,C,PROD-WNW-101,PROD-WNW-000101,mirror,active,2025-09-16T21:26:56.961454
PROD-WNW-000101,D,PROD-WNW-101,PROD-WNW-000101,mirror,active,2025-09-16T21:26:56.961457
ORD-503006,E,ORD-503006,ORD-503006,mirror,active,2025-09-16T21:26:56.961462
TXN-002023-000804,E,TXN-2023-804,TXN-002023-000804,mirror,active,2025-09-16T21:26:56.961467
TXN-002023-000804,B,TXN-2023-804,TXN-002023-000804,mirror,active,2025-09-16T21:26:56.961470
TXN-002023-000804,C,TXN-2023-804,TXN-002023-000804,mirror,active,2025-09-16T21:26:56.961473
TXN-002023-000804,D,TXN-2023-804,TXN-002023-000804,mirror,active,2025-09-16T21:26:56.961476
ORD-500584,E,ORD-500584,ORD-500584,mirror,active,2025-09-16T21:26:56.961480
ORD-500584,B,ORD-500584,ORD-500584,mirror,active,2025-09-16T21:26:56.961483
ORD-500584,D,ORD-500584,ORD-500584,mirror,active,2025-09-16T21:26:56.961486
ORD-147432,E,ORD-147432,ORD-147432,mirror,active,2025-09-16T21:26:56.961491
ORD-147432,C,ORD-147432,ORD-147432,mirror,active,2025-09-16T21:26:56.961494
ORD-147432,D,ORD-147432,ORD-147432,mirror,active,2025-09-16T21:26:56.961498
CUST-000052,E,CUST-00052,CUST-000052,mirror,active,2025-09-16T21:26:56.961502
CUST-000052,B,CUST-00052,CUST-000052,mirror,active,2025-09-16T21:26:56.961505
CUST-000052,D,CUST-00052,CUST-000052,mirror,active,2025-09-16T21:26:56.961509
CUST-000810,E,CUST-00810,CUST-000810,mirror,active,2025-09-16T21:26:56.961513
CUST-000810,B,CUST-00810,CUST-000810,mirror,active,2025-09-16T21:26:56.961517
CUST-000810,C,CUST-00810,CUST-000810,mirror,active,2025-09-16T21:26:56.961520
CUST-000810,D,CUST-00810,CUST-000810,mirror,active,2025-09-16T21:26:56.961522
CUST-000858,E, CUST-00858 ,CUST-000858,mirror,active,2025-09-16T21:26:56.961527
CUST-000858,B,CUST-00858,PROPOSED-CUST-000858,mirror,pending,2025-09-16T21:26:56.961531
CUST-000858,C,CUST-00858,PROPOSED-CUST-000858,mirror,pending,2025-09-16T21:26:56.961534
CUST-000858,D,CUST-00858,PROPOSED-CUST-000858,mirror,pending,2025-09-16T21:26:56.961536
TXN-002023-000764,C,TXN-2023-764,TXN-002023-000764,mirror,active,2025-09-16T21:26:56.961540
TXN-002023-000646,E,TXN-2023-646,PROPOSED-TXN-002023-000646,mirror,pending,2025-09-16T21:26:56.961543
TXN-002023-000646,B,TXN-2023-646,PROPOSED-TXN-002023-000646,mirror,pending,2025-09-16T21:26:56.961547
TXN-002023-000646,C,TXN-2023-646,PROPOSED-TXN-002023-000646,mirror,pending,2025-09-16T21:26:56.961550
TXN-002023-000646,D,TXN-2023-646,PROPOSED-TXN-002023-000646,mirror,pending,2025-09-16T21:26:56.961554
PROD-KHL-000807,E,PROD-KHL-807,PROD-KHL-000807,mirror,active,2025-09-16T21:26:56.961563
PROD-KHL-000807,B,PROD-KHL-807,PROD-KHL-000807,mirror,active,2025-09-16T21:26:56.961566
PROD-KHL-000807,C,PROD-KHL-807,PROD-KHL-000807,mirror,active,2025-09-16T21:26:56.961570
PROD-KHL-000807,D,PROD-KHL-807,PROD-KHL-000807,mirror,active,2025-09-16T21:26:56.961573
PROD-OFR-000517,E,PROD-OFR-517,PROD-OFR-000517,mirror,active,2025-09-16T21:26:56.961577
PROD-OFR-000517,B,PROD-OFR-517,PROD-OFR-000517,mirror,active,2025-09-16T21:26:56.961580
PROD-OFR-000517,C,PROD-OFR-517,PROD-OFR-000517,mirror,active,2025-09-16T21:26:56.961583
PROD-OFR-000517,D,PROD-OFR-517,PROD-OFR-000517,mirror,active,2025-09-16T21:26:56.961586
PROD-RPI-000779,E,PROD-RPI-779,PROD-RPI-000779,mirror,active,2025-09-16T21:26:56.961589
PROD-RPI-000779,B,PROD-RPI-779,PROD-RPI-000779,mirror,active,2025-09-16T21:26:56.961592
PROD-RPI-000779,C,PROD-RPI-779,PROD-RPI-000779,mirror,active,2025-09-16T21:26:56.961595
PROD-RPI-000779,D,PROD-RPI-779,PROD-RPI-000779,mirror,active,2025-09-16T21:26:56.961598
PROD-CIF-000213,E,PROD-CIF-213,PROD-CIF-000213,mirror,active,2025-09-16T21:26:56.961602
PROD-CIF-000213,B,PROD-CIF-213,PROD-CIF-000213,mirror,active,2025-09-16T21:26:56.961605
PROD-CIF-000213,C,PROD-CIF-213,PROD-CIF-000213,mirror,active,2025-09-16T21:26:56.961608
PROD-CIF-000213,D,PROD-CIF-213,PROD-CIF-000213,mirror,active,2025-09-16T21:26:56.961611
PROD-PGZ-000557,C,PROD-PGZ-557,PROD-PGZ-000557,mirror,active,2025-09-16T21:26:56.961615
PROD-PGZ-000557,D,PROD-PGZ-557,PROD-PGZ-000557,mirror,active,2025-09-16T21:26:56.961618
CUST-000834,B,CUST-00834,CUST-000834,mirror,active,2025-09-16T21:26:56.961622
CUST-000834,C,CUST-00834,CUST-000834,mirror,active,2025-09-16T21:26:56.961625
CUST-000834,D,CUST-00834,CUST-000834,mirror,active,2025-09-16T21:26:56.961628
CUST-000762,E,CUST-00762,CUST-000762,mirror,active,2025-09-16T21:26:56.961632
CUST-000762,B,CUST-00762!@#$%,PROPOSED-CUST-000762,mirror,pending,2025-09-16T21:26:56.961634
CUST-000762,C, CUST-00762 ,PROPOSED-CUST-000762,mirror,pending,2025-09-16T21:26:56.961638
CUST-000762,D,CUST-00762,CUST-000762,mirror,active,2025-09-16T21:26:56.961641
CUST-000592,E,CUST-00592,PROPOSED-CUST-000592,mirror,pending,2025-09-16T21:26:56.961645
CUST-000592,B,CUST-00592,PROPOSED-CUST-000592,mirror,pending,2025-09-16T21:26:56.961648
CUST-000592,C,CUST-00592,PROPOSED-CUST-000592,mirror,pending,2025-09-16T21:26:56.961651
CUST-000592,D,CUST-00592,PROPOSED-CUST-000592,mirror,pending,2025-09-16T21:26:56.961654
PROD-RQX-000641,E,PROD-RQX-641,PROD-RQX-000641,mirror,active,2025-09-16T21:26:56.961658
PROD-RQX-000641,B,PROD-RQX-641,PROD-RQX-000641,mirror,active,2025-09-16T21:26:56.961661
PROD-RQX-000641,C,PROD-RQX-641,PROD-RQX-000641,mirror,active,2025-09-16T21:26:56.961664
PROD-RQX-000641,D,PROD-RQX-641,PROD-RQX-000641,mirror,active,2025-09-16T21:26:56.961667
ORD-671773,B,ORD-671773,ORD-671773,mirror,active,2025-09-16T21:26:56.961670
ORD-671773,C,ORD-671773,ORD-671773,mirror,active,2025-09-16T21:26:56.961741
ORD-671773,D,ORD-671773,ORD-671773,mirror,active,2025-09-16T21:26:56.961749
CUST-000790,E,CUST-00790,CUST-000790,mirror,active,2025-09-16T21:26:56.961755
CUST-000790,B,CUST-00790,CUST-000790,mirror,active,2025-09-16T21:26:56.961758
CUST-000790,D,CUST-00790,CUST-000790,mirror,active,2025-09-16T21:26:56.961761
ORD-624529,B,ORD-624529,ORD-624529,mirror,active,2025-09-16T21:26:56.961765
ORD-624529,C,ORD-624529,ORD-624529,mirror,active,2025-09-16T21:26:56.961768
ORD-624529,D,ORD-624529,ORD-624529,mirror,active,2025-09-16T21:26:56.961771
PROD-WKW-000481,E,PROD-WKW-481,PROD-WKW-000481,mirror,active,2025-09-16T21:26:56.961775
PROD-WKW-000481,B,PROD-WKW-481,PROD-WKW-000481,mirror,active,2025-09-16T21:26:56.961778
PROD-WKW-000481,C,PROD-WKW-481,PROD-WKW-000481,mirror,active,2025-09-16T21:26:56.961782
PROD-WKW-000481,D,PROD-WKW-481,PROD-WKW-000481,mirror,active,2025-09-16T21:26:56.961785
TXN-002023-000230,E,TXN-2023-230,TXN-002023-000230,mirror,active,2025-09-16T21:26:56.961790
TXN-002023-000230,B,TXN-2023-230,TXN-002023-000230,mirror,active,2025-09-16T21:26:56.961793
TXN-002023-000230,D,TXN-2023-230,TXN-002023-000230,mirror,active,2025-09-16T21:26:56.961796
TXN-002023-000756,E,TXN-2023-756,TXN-002023-000756,mirror,active,2025-09-16T21:26:56.961800
TXN-002023-000756,B,TXN-2023-756,TXN-002023-000756,mirror,active,2025-09-16T21:26:56.961803
TXN-002023-000756,C,TXN-2023-756,TXN-002023-000756,mirror,active,2025-09-16T21:26:56.961806
CUST-000786,B,CUST-00786,CUST-000786,mirror,active,2025-09-16T21:26:56.961810
CUST-000786,C,CUST-00786,CUST-000786,mirror,active,2025-09-16T21:26:56.961813
CUST-000786,D,CUST-00786,CUST-000786,mirror,active,2025-09-16T21:26:56.961816
CUST-000144,E,CUST-00144,PROPOSED-CUST-000144,mirror,pending,2025-09-16T21:26:56.961822
CUST-000144,B,CUST-00144,PROPOSED-CUST-000144,mirror,pending,2025-09-16T21:26:56.961830
CUST-000144,C,CUST-00144,PROPOSED-CUST-000144,mirror,pending,2025-09-16T21:26:56.961833
CUST-000144,D,CUST-00144,PROPOSED-CUST-000144,mirror,pending,2025-09-16T21:26:56.961836
PROD-HRD-000799,E,PROD-HRD-799,PROD-HRD-000799,mirror,active,2025-09-16T21:26:56.961840
PROD-HRD-000799,B,PROD-HRD-799,PROD-HRD-000799,mirror,active,2025-09-16T21:26:56.961843
PROD-HRD-000799,C,PROD-HRD-799,PROD-HRD-000799,mirror,active,2025-09-16T21:26:56.961846
PROD-HRD-000799,D,PROD-HRD-799,PROD-HRD-000799,mirror,active,2025-09-16T21:26:56.961849
ORD-977123,E,ORD-977123,ORD-977123,mirror,active,2025-09-16T21:26:56.961852
ORD-977123,B,ORD-977123,ORD-977123,mirror,active,2025-09-16T21:26:56.961857
ORD-977123,C,ORD-977123,ORD-977123,mirror,active,2025-09-16T21:26:56.961861
TXN-002023-000530,E,TXN-2023-530,PROPOSED-TXN-002023-000530,mirror,pending,2025-09-16T21:26:56.961865
TXN-002023-000530,B,TXN-2023-530,PROPOSED-TXN-002023-000530,mirror,pending,2025-09-16T21:26:56.961868
TXN-002023-000530,C,TXN-2023-530,PROPOSED-TXN-002023-000530,mirror,pending,2025-09-16T21:26:56.961871
TXN-002023-000530,D,TXN-2023-530,PROPOSED-TXN-002023-000530,mirror,pending,2025-09-16T21:26:56.961874
TXN-002023-000546,E,TXN-2023-546,PROPOSED-TXN-002023-000546,mirror,pending,2025-09-16T21:26:56.961878
TXN-002023-000546,B,TXN-2023-546,PROPOSED-TXN-002023-000546,mirror,pending,2025-09-16T21:26:56.961881
TXN-002023-000546,C,TXN-2023-546,PROPOSED-TXN-002023-000546,mirror,pending,2025-09-16T21:26:56.961884
TXN-002023-000546,D,TXN-2023-546,PROPOSED-TXN-002023-000546,mirror,pending,2025-09-16T21:26:56.961887
PROD-SII-000529,E,PROD-SII-529,PROD-SII-000529,mirror,active,2025-09-16T21:26:56.961891
PROD-SII-000529,B,PROD-SII-529,PROD-SII-000529,mirror,active,2025-09-16T21:26:56.961894
PROD-SII-000529,D,PROD-SII-529,PROD-SII-000529,mirror,active,2025-09-16T21:26:56.961897
PROD-BSR-000795,E,PROD-BSR-795,PROD-BSR-000795,mirror,active,2025-09-16T21:26:56.961901
PROD-BSR-000795,C,PROD-BSR-795,PROD-BSR-000795,mirror,active,2025-09-16T21:26:56.961904
PROD-BSR-000795,D,PROD-BSR-795,PROD-BSR-000795,mirror,active,2025-09-16T21:26:56.961907
PROD-XSF-000843,E,PROD-XSF-843,PROD-XSF-000843,mirror,active,2025-09-16T21:26:56.961911
PROD-XSF-000843,B,PROD-XSF-843,PROD-XSF-000843,mirror,active,2025-09-16T21:26:56.961914
PROD-XSF-000843,D,PROD-XSF-843,PROD-XSF-000843,mirror,active,2025-09-16T21:26:56.961917
TXN-002023-000410,E,TXN-2023-410,TXN-002023-000410,mirror,active,2025-09-16T21:26:56.961920
TXN-002023-000410,B,TXN-2023-410,TXN-002023-000410,mirror,active,2025-09-16T21:26:56.961923
TXN-002023-000410,C,TXN-2023-410,TXN-002023-000410,mirror,active,2025-09-16T21:26:56.961926
TXN-002023-000410,D,TXN-2023-410,TXN-002023-000410,mirror,active,2025-09-16T21:26:56.961929
PROD-CUN-000405,E,PROD-CUN-405,PROD-CUN-000405,mirror,active,2025-09-16T21:26:56.961934
PROD-CUN-000405,D,PROD-CUN-405,PROD-CUN-000405,mirror,active,2025-09-16T21:26:56.961937
PROD-NPZ-000855,B,PROD-NPZ-855,PROD-NPZ-000855,mirror,active,2025-09-16T21:26:56.961940
PROD-NPZ-000855,D,PROD-NPZ-855,PROD-NPZ-000855,mirror,active,2025-09-16T21:26:56.961943
TXN-002023-000760,E,TXN-2023-760,TXN-002023-000760,mirror,active,2025-09-16T21:26:56.961947
TXN-002023-000760,C,TXN-2023-760,TXN-002023-000760,mirror,active,2025-09-16T21:26:56.961950
TXN-002023-000760,D,TXN-2023-760,TXN-002023-000760,mirror,active,2025-09-16T21:26:56.961953
ORD-929028,E,ORD-929028,ORD-929028,mirror,active,2025-09-16T21:26:56.961957
ORD-929028,B, ORD-929028 ,PROPOSED-ORD-929028,mirror,pending,2025-09-16T21:26:56.961960
ORD-929028,C,ORD-929028,ORD-929028,mirror,active,2025-09-16T21:26:56.961963
ORD-929028,D,ORD-929028,ORD-929028,mirror,active,2025-09-16T21:26:56.961966
CUST-000842,E,CUST-00842,CUST-000842,mirror,active,2025-09-16T21:26:56.961970
CUST-000842,B,CUST-00842,CUST-000842,mirror,active,2025-09-16T21:26:56.961974
CUST-000842,C,CUST-00842,CUST-000842,mirror,active,2025-09-16T21:26:56.961976
CUST-000842,D,CUST-00842,CUST-000842,mirror,active,2025-09-16T21:26:56.961979
CUST-000854,B,CUST-00854,CUST-000854,mirror,active,2025-09-16T21:26:56.961984
CUST-000854,C,CUST-00854,CUST-000854,mirror,active,2025-09-16T21:26:56.961987
CUST-000854,D,CUST-00854,CUST-000854,mirror,active,2025-09-16T21:26:56.961990
PROD-HUI-000053,E, PROD-HUI-053 ,PROD-HUI-000053,mirror,active,2025-09-16T21:26:56.961994
PROD-HUI-000053,D,PROD-HUI-053,PROPOSED-PROD-HUI-000053,mirror,pending,2025-09-16T21:26:56.961997
CUST-000256,E,CUST-00256,CUST-000256,mirror,active,2025-09-16T21:26:56.962001
CUST-000256,C,CUST-00256,CUST-000256,mirror,active,2025-09-16T21:26:56.962004
CUST-000256,D,CUST-00256,CUST-000256,mirror,active,2025-09-16T21:26:56.962007
ORD-758906,B,ORD-758906,ORD-758906,mirror,active,2025-09-16T21:26:56.962011
ORD-758906,C,ORD-758906,ORD-758906,mirror,active,2025-09-16T21:26:56.962014
ORD-758906,D,ORD-758906,ORD-758906,mirror,active,2025-09-16T21:26:56.962018
TXN-002023-000326,E,TXN-2023-326!@#$%,TXN-002023-000326,mirror,active,2025-09-16T21:26:56.962021
TXN-002023-000326,B,TXN-2023-326,PROPOSED-TXN-002023-000326,mirror,pending,2025-09-16T21:26:56.962024
TXN-002023-000326,C,TXN-2023-326,PROPOSED-TXN-002023-000326,mirror,pending,2025-09-16T21:26:56.962027
TXN-002023-000326,D,TXN-2023-326,PROPOSED-TXN-002023-000326,mirror,pending,2025-09-16T21:26:56.962030
PROD-RRB-000835,B,PROD-RRB-835,PROD-RRB-000835,mirror,active,2025-09-16T21:26:56.962034
PROD-RRB-000835,C,PROD-RRB-835,PROD-RRB-000835,mirror,active,2025-09-16T21:26:56.962037
TXN-002023-000828,B,TXN-2023-828,TXN-002023-000828,mirror,active,2025-09-16T21:26:56.962041
TXN-002023-000828,C,TXN-2023-828,TXN-002023-000828,mirror,active,2025-09-16T21:26:56.962046
TXN-002023-000828,D,TXN-2023-828,TXN-002023-000828,mirror,active,2025-09-16T21:26:56.962049
ORD-916050,E,ORD-916050,ORD-916050,mirror,active,2025-09-16T21:26:56.962053
ORD-916050,B,ORD-916050,ORD-916050,mirror,active,2025-09-16T21:26:56.962056
ORD-916050,C,ORD-916050,ORD-916050,mirror,active,2025-09-16T21:26:56.962059
ORD-916050,D,ORD-916050,ORD-916050,mirror,active,2025-09-16T21:26:56.962061
ORD-893706,E,ORD-893706,ORD-893706,mirror,active,2025-09-16T21:26:56.962065
ORD-893706,B,ORD-893706,ORD-893706,mirror,active,2025-09-16T21:26:56.962068
ORD-893706,C,ORD-893706,ORD-893706,mirror,active,2025-09-16T21:26:56.962070
ORD-728222,B,ORD-728222,ORD-728222,mirror,active,2025-09-16T21:26:56.962074
ORD-728222,D,ORD-728222,ORD-728222,mirror,active,2025-09-16T21:26:56.962077
ORD-304077,E,ORD-304077,ORD-304077,mirror,active,2025-09-16T21:26:56.962080
ORD-304077,C,ORD-304077,ORD-304077,mirror,active,2025-09-16T21:26:56.962084
ORD-304077,D,ORD-304077,ORD-304077,mirror,active,2025-09-16T21:26:56.962087
CUST-000770,E,CUST-00770,CUST-000770,mirror,active,2025-09-16T21:26:56.962091
CUST-000770,C,CUST-00770,CUST-000770,mirror,active,2025-09-16T21:26:56.962094
PROD-TVM-000783,D,PROD-TVM-783,PROD-TVM-000783,mirror,active,2025-09-16T21:26:56.962097
ORD-147685,E,ORD-147685,ORD-147685,mirror,active,2025-09-16T21:26:56.962102
ORD-147685,B,ORD-147685,ORD-147685,mirror,active,2025-09-16T21:26:56.962105
TXN-002023-000808,E,TXN-2023-808,TXN-002023-000808,mirror,active,2025-09-16T21:26:56.962109
TXN-002023-000808,B,TXN-2023-808,TXN-002023-000808,mirror,active,2025-09-16T21:26:56.962112
TXN-002023-000808,C,TXN-2023-808,TXN-002023-000808,mirror,active,2025-09-16T21:26:56.962115
PROD-PWI-000261,E,PROD-PWI-261!@#$%,PROD-PWI-000261,mirror,active,2025-09-16T21:26:56.962119
PROD-PWI-000261,B,PROD-PWI-261,PROPOSED-PROD-PWI-000261,mirror,pending,2025-09-16T21:26:56.962122
PROD-PWI-000261,C,PROD-PWI-261,PROPOSED-PROD-PWI-000261,mirror,pending,2025-09-16T21:26:56.962125
PROD-PWI-000261,D,PROD-PWI-261,PROPOSED-PROD-PWI-000261,mirror,pending,2025-09-16T21:26:56.962127
PROD-FLN-000811,E,PROD-FLN-811,PROD-FLN-000811,mirror,active,2025-09-16T21:26:56.962131
PROD-FLN-000811,B, PROD-FLN-811 ,PROPOSED-PROD-FLN-000811,mirror,pending,2025-09-16T21:26:56.962134
PROD-FLN-000811,C,PROD-FLN-811,PROD-FLN-000811,mirror,active,2025-09-16T21:26:56.962138
PROD-FLN-000811,D, PROD-FLN-811 ,PROPOSED-PROD-FLN-000811,mirror,pending,2025-09-16T21:26:56.962140
PROD-OGH-000859,E,PROD-OGH-859,PROD-OGH-000859,mirror,active,2025-09-16T21:26:56.962144
PROD-OGH-000859,B,PROD-OGH-859,PROD-OGH-000859,mirror,active,2025-09-16T21:26:56.962147
PROD-OGH-000859,C,PROD-OGH-859,PROD-OGH-000859,mirror,active,2025-09-16T21:26:56.962150
PROD-OGH-000859,D,PROD-OGH-859,PROD-OGH-000859,mirror,active,2025-09-16T21:26:56.962153
TXN-002023-000832,E,TXN-2023-832,TXN-002023-000832,mirror,active,2025-09-16T21:26:56.962156
TXN-002023-000832,B,TXN-2023-832,TXN-002023-000832,mirror,active,2025-09-16T21:26:56.962159
TXN-002023-000832,C,TXN-2023-832,TXN-002023-000832,mirror,active,2025-09-16T21:26:56.962161
TXN-002023-000832,D,TXN-2023-832,TXN-002023-000832,mirror,active,2025-09-16T21:26:56.962164
CUST-000376,E,CUST-00376,PROPOSED-CUST-000376,mirror,pending,2025-09-16T21:26:56.962168
CUST-000376,B,CUST-00376,PROPOSED-CUST-000376,mirror,pending,2025-09-16T21:26:56.962171
CUST-000376,C,CUST-00376,PROPOSED-CUST-000376,mirror,pending,2025-09-16T21:26:56.962174
CUST-000376,D,CUST-00376,PROPOSED-CUST-000376,mirror,pending,2025-09-16T21:26:56.962177
TXN-002023-000746,E,TXN-2023-746,PROPOSED-TXN-002023-000746,mirror,pending,2025-09-16T21:26:56.962180
TXN-002023-000746,C,TXN-2023-746,PROPOSED-TXN-002023-000746,mirror,pending,2025-09-16T21:26:56.962183
TXN-002023-000746,D,TXN-2023-746,PROPOSED-TXN-002023-000746,mirror,pending,2025-09-16T21:26:56.962186
TXN-002023-000714,E, TXN-2023-714 ,PROPOSED-TXN-002023-000714,mirror,pending,2025-09-16T21:26:56.962190
TXN-002023-000714,B,TXN-2023-714,PROPOSED-TXN-002023-000714,mirror,pending,2025-09-16T21:26:56.962194
TXN-002023-000714,C,TXN-2023-714,PROPOSED-TXN-002023-000714,mirror,pending,2025-09-16T21:26:56.962197
ORD-423738,E,ORD-423738,ORD-423738,mirror,active,2025-09-16T21:26:56.962201
ORD-423738,B,ORD-423738,ORD-423738,mirror,active,2025-09-16T21:26:56.962204
ORD-423738,C,ORD-423738,ORD-423738,mirror,active,2025-09-16T21:26:56.962207
ORD-423738,D,ORD-423738,ORD-423738,mirror,active,2025-09-16T21:26:56.962210
ORD-859838,B,ORD-859838,ORD-859838,mirror,active,2025-09-16T21:26:56.962214
ORD-859838,C,ORD-859838,ORD-859838,mirror,active,2025-09-16T21:26:56.962217
ORD-859838,D,ORD-859838,ORD-859838,mirror,active,2025-09-16T21:26:56.962220
CUST-000838,E,CUST-00838,CUST-000838,mirror,active,2025-09-16T21:26:56.962224
CUST-000838,C,CUST-00838,CUST-000838,mirror,active,2025-09-16T21:26:56.962227
ORD-826536,E,ORD-826536,ORD-826536,mirror,active,2025-09-16T21:26:56.962230
ORD-826536,B,ORD-826536,ORD-826536,mirror,active,2025-09-16T21:26:56.962233
ORD-826536,C,ORD-826536,ORD-826536,mirror,active,2025-09-16T21:26:56.962236
ORD-826536,D, ORD-826536 ,PROPOSED-ORD-826536,mirror,pending,2025-09-16T21:26:56.962240
PROD-BNU-000617,E,PROD-BNU-617,PROD-BNU-000617,mirror,active,2025-09-16T21:26:56.962244
PROD-BNU-000617,B,PROD-BNU-617!@#$%,PROPOSED-PROD-BNU-000617,mirror,pending,2025-09-16T21:26:56.962247
PROD-BNU-000617,C,PROD-BNU-617,PROD-BNU-000617,mirror,active,2025-09-16T21:26:56.962250
PROD-DSK-000763,E,PROD-DSK-763,PROD-DSK-000763,mirror,active,2025-09-16T21:26:56.962253
TXN-002023-000768,E,TXN-2023-768,TXN-002023-000768,mirror,active,2025-09-16T21:26:56.962256
TXN-002023-000768,B,TXN-2023-768,TXN-002023-000768,mirror,active,2025-09-16T21:26:56.962259
TXN-002023-000768,C,TXN-2023-768,TXN-002023-000768,mirror,active,2025-09-16T21:26:56.962262
TXN-002023-000768,D,TXN-2023-768,TXN-002023-000768,mirror,active,2025-09-16T21:26:56.962264
PROD-LCO-000791,C,PROD-LCO-791,PROD-LCO-000791,mirror,active,2025-09-16T21:26:56.962268
PROD-LCO-000791,D,PROD-LCO-791,PROD-LCO-000791,mirror,active,2025-09-16T21:26:56.962271
CUST-000826,E,CUST-00826,CUST-000826,mirror,active,2025-09-16T21:26:56.962275
CUST-000826,C,CUST-00826,CUST-000826,mirror,active,2025-09-16T21:26:56.962278
PROD-KGL-000613,E,PROD-KGL-613,PROD-KGL-000613,mirror,active,2025-09-16T21:26:56.962283
PROD-KGL-000613,B,PROD-KGL-613,PROD-KGL-000613,mirror,active,2025-09-16T21:26:56.962286
PROD-KGL-000613,D,PROD-KGL-613,PROD-KGL-000613,mirror,active,2025-09-16T21:26:56.962288
ORD-214662,E,ORD-214662,ORD-214662,mirror,active,2025-09-16T21:26:56.962292
ORD-214662,B,ORD-214662,ORD-214662,mirror,active,2025-09-16T21:26:56.962296
ORD-214662,C,ORD-214662,ORD-214662,mirror,active,2025-09-16T21:26:56.962298
ORD-214662,D,ORD-214662,ORD-214662,mirror,active,2025-09-16T21:26:56.962301
TXN-002023-000836,E,TXN-2023-836,TXN-002023-000836,mirror,active,2025-09-16T21:26:56.962304
TXN-002023-000836,C,TXN-2023-836,TXN-002023-000836,mirror,active,2025-09-16T21:26:56.962308
TXN-002023-000836,D,TXN-2023-836,TXN-002023-000836,mirror,active,2025-09-16T21:26:56.962310
TXN-002023-000386,E,TXN-2023-386,TXN-002023-000386,mirror,active,2025-09-16T21:26:56.962314
TXN-002023-000386,B,TXN-2023-386,TXN-002023-000386,mirror,active,2025-09-16T21:26:56.962317
TXN-002023-000386,C, TXN-2023-386 ,PROPOSED-TXN-002023-000386,mirror,pending,2025-09-16T21:26:56.962320
TXN-002023-000386,D,TXN-2023-386,TXN-002023-000386,mirror,active,2025-09-16T21:26:56.962323
ORD-187462,E,ORD-187462,ORD-187462,mirror,active,2025-09-16T21:26:56.962326
ORD-187462,B,ORD-187462,ORD-187462,mirror,active,2025-09-16T21:26:56.962329
ORD-187462,C,ORD-187462,ORD-187462,mirror,active,2025-09-16T21:26:56.962332
ORD-187462,D,ORD-187462,ORD-187462,mirror,active,2025-09-16T21:26:56.962335
CUST-000806,E,CUST-00806,CUST-000806,mirror,active,2025-09-16T21:26:56.962338
CUST-000806,B,CUST-00806,CUST-000806,mirror,active,2025-09-16T21:26:56.962341
CUST-000806,C,CUST-00806,CUST-000806,mirror,active,2025-09-16T21:26:56.962344
CUST-000806,D,CUST-00806,CUST-000806,mirror,active,2025-09-16T21:26:56.962347
ORD-503918,E,ORD-503918,ORD-503918,mirror,active,2025-09-16T21:26:56.962351
ORD-503918,B,ORD-503918,ORD-503918,mirror,active,2025-09-16T21:26:56.962353
PROD-LIG-000771,E,PROD-LIG-771,PROD-LIG-000771,mirror,active,2025-09-16T21:26:56.962356
PROD-LIG-000771,D,PROD-LIG-771,PROD-LIG-000771,mirror,active,2025-09-16T21:26:56.962359
CUST-000830,E,CUST-00830,CUST-000830,mirror,active,2025-09-16T21:26:56.962363
CUST-000830,B,CUST-00830!@#$%,PROPOSED-CUST-000830,mirror,pending,2025-09-16T21:26:56.962366
CUST-000830,C,CUST-00830,CUST-000830,mirror,active,2025-09-16T21:26:56.962369
TXN-002023-000820,E,TXN-2023-820,TXN-002023-000820,mirror,active,2025-09-16T21:26:56.962372
TXN-002023-000820,B,TXN-2023-820,TXN-002023-000820,mirror,active,2025-09-16T21:26:56.962375
TXN-002023-000820,D,TXN-2023-820,TXN-002023-000820,mirror,active,2025-09-16T21:26:56.962378
CUST-000866,E,CUST-00866,CUST-000866,mirror,active,2025-09-16T21:26:56.962382
CUST-000866,B,CUST-00866,CUST-000866,mirror,active,2025-09-16T21:26:56.962385
CUST-000866,C,CUST-00866,CUST-000866,mirror,active,2025-09-16T21:26:56.962388
CUST-000866,D,CUST-00866,CUST-000866,mirror,active,2025-09-16T21:26:56.962391
TXN-002023-000522,E,TXN-2023-522,PROPOSED-TXN-002023-000522,mirror,pending,2025-09-16T21:26:56.962395
TXN-002023-000522,B,TXN-2023-522,PROPOSED-TXN-002023-000522,mirror,pending,2025-09-16T21:26:56.962398
TXN-002023-000522,C,TXN-2023-522,PROPOSED-TXN-002023-000522,mirror,pending,2025-09-16T21:26:56.962401
TXN-002023-000522,D, TXN-2023-522 ,PROPOSED-TXN-002023-000522,mirror,pending,2025-09-16T21:26:56.962404
CUST-000660,E,CUST-00660,PROPOSED-CUST-000660,mirror,pending,2025-09-16T21:26:56.962408
CUST-000660,B,CUST-00660,PROPOSED-CUST-000660,mirror,pending,2025-09-16T21:26:56.962411
CUST-000660,C,CUST-00660,PROPOSED-CUST-000660,mirror,pending,2025-09-16T21:26:56.962414
CUST-000660,D,CUST-00660,PROPOSED-CUST-000660,mirror,pending,2025-09-16T21:26:56.962417
PROD-WMT-000803,E,PROD-WMT-803,PROD-WMT-000803,mirror,active,2025-09-16T21:26:56.962421
PROD-WMT-000803,C,PROD-WMT-803,PROD-WMT-000803,mirror,active,2025-09-16T21:26:56.962424
PROD-WMT-000803,D,PROD-WMT-803,PROD-WMT-000803,mirror,active,2025-09-16T21:26:56.962427
TXN-002023-000796,E,TXN-2023-796,TXN-002023-000796,mirror,active,2025-09-16T21:26:56.962430
TXN-002023-000796,C,TXN-2023-796,TXN-002023-000796,mirror,active,2025-09-16T21:26:56.962433
TXN-002023-000796,D,TXN-2023-796,TXN-002023-000796,mirror,active,2025-09-16T21:26:56.962436
ORD-988397,E,ORD-988397,ORD-988397,mirror,active,2025-09-16T21:26:56.962440
ORD-988397,B,ORD-988397,ORD-988397,mirror,active,2025-09-16T21:26:56.962443
ORD-988397,C,ORD-988397,ORD-988397,mirror,active,2025-09-16T21:26:56.962445
ORD-988397,D,ORD-988397,ORD-988397,mirror,active,2025-09-16T21:26:56.962448
PROD-AIH-000863,E,PROD-AIH-863,PROD-AIH-000863,mirror,active,2025-09-16T21:26:56.962452
PROD-AIH-000863,B,PROD-AIH-863,PROD-AIH-000863,mirror,active,2025-09-16T21:26:56.962455
PROD-AIH-000863,C,PROD-AIH-863,PROD-AIH-000863,mirror,active,2025-09-16T21:26:56.962458
PROD-AIH-000863,D,PROD-AIH-863,PROD-AIH-000863,mirror,active,2025-09-16T21:26:56.962461
CUST-000774,E,CUST-00774,CUST-000774,mirror,active,2025-09-16T21:26:56.962464
CUST-000774,B,CUST-00774,CUST-000774,mirror,active,2025-09-16T21:26:56.962467
CUST-000774,C,CUST-00774,CUST-000774,mirror,active,2025-09-16T21:26:56.962470
CUST-000774,D,CUST-00774,CUST-000774,mirror,active,2025-09-16T21:26:56.962473
ORD-454791,E,ORD-454791,ORD-454791,mirror,active,2025-09-16T21:26:56.962476
ORD-454791,C,ORD-454791,ORD-454791,mirror,active,2025-09-16T21:26:56.962479
ORD-454791,D,ORD-454791,ORD-454791,mirror,active,2025-09-16T21:26:56.962481
